Parallel/Variety,Card Number,Player/Athlete,Team,Rookie,Parallel
Base,1,Mike Trout,Los Angeles Angels,,Sky Blue – /499
Base,2,Gunnar Henderson,Baltimore Orioles,,Neon Green – /399
Base,3,Bryce Harper,Philadelphia Phillies,,Fuchsia – /299
Base,4,Adrian Del Castillo,Arizona Diamondbacks,RC,Purple – /250
Base,5,Freddie Freeman,Los Angeles Dodgers,,Purple Pattern – /199
Base,6,Rhett Lowder,Cincinnati Reds,RC,Pink – /175
Base,7,Bobby Witt Jr.,Kansas City Royals,,Blue – /150
Base,8,Drew Thorpe,Chicago White Sox,RC,Blue Pattern – /125
Base,9,Jacob Wilson,Athletics,RC,Green – /99
Base,10,Rafael Devers,Boston Red Sox,,Green Pattern – /99
Base,11,Jackson Chourio,Milwaukee Brewers,,Bowman Retro Logo Foil
Base,12,Roki Sasaki,Los Angeles Dodgers,RC,Yellow – /75
Base,13,Junior Caminero,Tampa Bay Rays,,Yellow Pattern – /75
Base,14,Lawrence Butler,Athletics,,Gold – /50
Base,15,Emmanuel Clase,Cleveland Guardians,,Orange – /25
Base,16,Mookie Betts,Los Angeles Dodgers,,Black – /10 
Base,17,Shohei Ohtani,Los Angeles Dodgers,,Black Pattern – /10
Base,18,Yoshinobu Yamamoto,Los Angeles Dodgers,,Red – /5
Base,19,Randy Arozarena,Seattle Mariners,,Platinum – 1/1
Base,20,Tarik Skubal,Detroit Tigers,,Printing Plates – 1/1
Base,21,Ronald Acuña Jr.,Atlanta Braves,,
Base,22,Juan Soto,New York Mets,,
Base,23,Fernando Tatis Jr.,San Diego Padres,,
Base,24,Marcus Semien,Texas Rangers,,
Base,25,Yordan Alvarez,Houston Astros,,
Base,26,Manny Machado,San Diego Padres,,
Base,27,Vladimir Guerrero Jr.,Toronto Blue Jays,,
Base,28,Jacob deGrom,Texas Rangers,,
Base,29,James Wood,Washington Nationals,RC,
Base,30,Paul Skenes,Pittsburgh Pirates,,
Base,31,Adael Amador,Colorado Rockies,RC,
Base,32,Austin Riley,Atlanta Braves,,
Base,33,Wyatt Langford,Texas Rangers,,
Base,34,Salvador Perez,Kansas City Royals,,
Base,35,Adley Rutschman,Baltimore Orioles,,
Base,36,Triston Casas,Boston Red Sox,,
Base,37,Coby Mayo,Baltimore Orioles,RC,
Base,38,Corey Seager,Texas Rangers,,
Base,39,Eury Pérez,Miami Marlins,,
Base,40,Cole Ragans,Kansas City Royals,,
Base,41,Tomoyuki Sugano,Baltimore Orioles,RC,
Base,42,Dylan Crews,Washington Nationals,RC,
Base,43,Kyle Tucker,Chicago Cubs,,
Base,44,Elly De La Cruz,Cincinnati Reds,,
Base,45,Zack Wheeler,Philadelphia Phillies,,
Base,46,Connor Norby,Miami Marlins,RC,
Base,47,Shay Whitcomb,Houston Astros,RC,
Base,48,Shane McClanahan,Tampa Bay Rays,,
Base,49,CJ Abrams,Washington Nationals,,
Base,50,Jackson Jobe,Detroit Tigers,(RC),
Base,51,Shota Imanaga,Chicago Cubs,,
Base,52,Cody Bellinger,New York Yankees,,
Base,53,Ceddanne Rafaela,Boston Red Sox,,
Base,54,David Festa,Minnesota Twins,RC,
Base,55,Zach Neto,Los Angeles Angels,,
Base,56,Pete Alonso,New York Mets,,
Base,57,Thomas Saggese,St. Louis Cardinals,RC,
Base,58,Riley Greene,Detroit Tigers,,
Base,59,Jace Jung,Detroit Tigers,RC,
Base,60,Willy Adames,San Francisco Giants,,
Base,61,Hurston Waldrep,Atlanta Braves,RC,
Base,62,Will Smith,Los Angeles Dodgers,,
Base,63,Jose Altuve,Houston Astros,,
Base,64,Jackson Merrill,San Diego Padres,,
Base,65,Trea Turner,Philadelphia Phillies,,
Base,66,Bryan Reynolds,Pittsburgh Pirates,,
Base,67,Christian Yelich,Milwaukee Brewers,,
Base,68,Nolan Arenado,St. Louis Cardinals,,
Base,69,River Ryan,Los Angeles Dodgers,RC,
Base,70,William Contreras,Milwaukee Brewers,,
Base,71,Ozzie Albies,Atlanta Braves,,
Base,72,Brooks Lee,Minnesota Twins,RC,
Base,73,Carlos Correa,Minnesota Twins,,
Base,74,Matt Chapman,San Francisco Giants,,
Base,75,Orelvis Martinez,Toronto Blue Jays,RC,
Base,76,Ketel Marte,Arizona Diamondbacks,,
Base,77,Jackson Holliday,Baltimore Orioles,,
Base,78,Spencer Schwellenbach,Atlanta Braves,RC,
Base,79,Julio Rodríguez,Seattle Mariners,,
Base,80,Kumar Rocker,Texas Rangers,RC,
Base,81,Jhonkensy Noel,Cleveland Guardians,RC,
Base,82,Chris Sale,Atlanta Braves,,
Base,83,Luisangel Acuña,New York Mets,RC,
Base,84,Ezequiel Tovar,Colorado Rockies,,
Base,85,Ben Rice,New York Yankees,RC,
Base,86,Francisco Lindor,New York Mets,,
Base,87,Logan Gilbert,Seattle Mariners,,
Base,88,Luis Robert Jr.,Chicago White Sox,,
Base,89,José Ramírez,Cleveland Guardians,,
Base,90,Jung Hoo Lee,San Francisco Giants,,
Base,91,Hyeseong Kim,Los Angeles Dodgers,RC,
Base,92,Bo Bichette,Toronto Blue Jays,,
Base,93,Tyler Locklear,Seattle Mariners,RC,
Base,94,Caden Dana,Los Angeles Angels,RC,
Base,95,Kevin Alcántara,Chicago Cubs,RC,
Base,96,Corbin Carroll,Arizona Diamondbacks,,
Base,97,Nick Yorke,Pittsburgh Pirates,RC,
Base,98,Matt Olson,Atlanta Braves,,
Base,99,Aaron Judge,New York Yankees,,
Base,100,Masyn Winn,St. Louis Cardinals,,
Bowman Prospects,BP-1,Walker Jenkins,Minnesota Twins,,
Bowman Prospects,BP-2,Zyhir Hope,Los Angeles Dodgers,,
Bowman Prospects,BP-3,Romeo Sanabria,San Diego Padres,,
Bowman Prospects,BP-4,Asbel Gonzalez,Kansas City Royals,,
Bowman Prospects,BP-5,Franyerber Montilla,Detroit Tigers,,
Bowman Prospects,BP-6,Wen-Hui Pan,Philadelphia Phillies,,
Bowman Prospects,BP-7,Gregory Barrios,Tampa Bay Rays,,
Bowman Prospects,BP-8,Dawel Joseph,Seattle Mariners,,
Bowman Prospects,BP-9,Esteban Mejia,Texas Rangers,,
Bowman Prospects,BP-10,Cade Horton,Chicago Cubs,,
Bowman Prospects,BP-11,Jackson Humphries,Cleveland Guardians,,
Bowman Prospects,BP-12,Hayden Alvarez,Los Angeles Angels,,
Bowman Prospects,BP-13,Josue Briceno,Detroit Tigers,,
Bowman Prospects,BP-14,Owen Wild,Tampa Bay Rays,,
Bowman Prospects,BP-15,Walker Janek,Houston Astros,,
Bowman Prospects,BP-16,Engelth Urena,New York Yankees,,
Bowman Prospects,BP-17,Colt Emerson,Seattle Mariners,,
Bowman Prospects,BP-18,Ichiro Cano Hernandez,Cincinnati Reds,,
Bowman Prospects,BP-19,Fabian Lopez,Miami Marlins,,
Bowman Prospects,BP-20,Ashly Andujar,Colorado Rockies,,
Bowman Prospects,BP-21,Slade Caldwell,Arizona Diamondbacks,,
Bowman Prospects,BP-22,JJ Wetherholt,St. Louis Cardinals,,
Bowman Prospects,BP-23,Lazaro Montes,Seattle Mariners,,
Bowman Prospects,BP-24,Max Clark,Detroit Tigers,,
Bowman Prospects,BP-25,Quinn Mathews,St. Louis Cardinals,,
Bowman Prospects,BP-26,Jancel Villarroel,Houston Astros,,
Bowman Prospects,BP-27,Yu-Min Lin,Arizona Diamondbacks,,
Bowman Prospects,BP-28,Carlos Tavares,Washington Nationals,,
Bowman Prospects,BP-29,David Ortiz Jr.,Texas Rangers,,
Bowman Prospects,BP-30,Bishop Letson,Milwaukee Brewers,,
Bowman Prospects,BP-31,Ricardo Yan,Arizona Diamondbacks,,
Bowman Prospects,BP-32,Cole Fontenelle,Los Angeles Angels,,
Bowman Prospects,BP-33,Aron Estrada,Baltimore Orioles,,
Bowman Prospects,BP-34,Rafael Flores,New York Yankees,,
Bowman Prospects,BP-35,Will Simpson,Athletics,,
Bowman Prospects,BP-36,Yophery Rodriguez,Milwaukee Brewers,,
Bowman Prospects,BP-37,Esmith Pineda,Cincinnati Reds,,
Bowman Prospects,BP-38,Luis Pena,Milwaukee Brewers,,
Bowman Prospects,BP-39,James Tibbs III,San Francisco Giants,,
Bowman Prospects,BP-40,Robert Calaz,Colorado Rockies,,
Bowman Prospects,BP-41,Mitch Jebb,Pittsburgh Pirates,,
Bowman Prospects,BP-42,Kristian Campbell,Boston Red Sox,,
Bowman Prospects,BP-43,Jhostynxon Garcia,Boston Red Sox,,
Bowman Prospects,BP-44,Hagen Smith,Chicago White Sox,,
Bowman Prospects,BP-45,Victor Rodrigues,Los Angeles Dodgers,,
Bowman Prospects,BP-46,Cam Caminiti,Atlanta Braves,,
Bowman Prospects,BP-47,Dylan Fien,Athletics,,
Bowman Prospects,BP-48,Cam Smith,Houston Astros,,
Bowman Prospects,BP-49,Bryce Rainer,Detroit Tigers,,
Bowman Prospects,BP-50,Sammy Hernandez,St. Louis Cardinals,,
Bowman Prospects,BP-51,Hyun-Seok Jang,Los Angeles Dodgers,,
Bowman Prospects,BP-52,Ismael Javier,San Diego Padres,,
Bowman Prospects,BP-53,Jacob Bresnahan,San Francisco Giants,,
Bowman Prospects,BP-54,Aidan Miller,Philadelphia Phillies,,
Bowman Prospects,BP-55,Gary Gill Hill,Tampa Bay Rays,,
Bowman Prospects,BP-56,Chase Mobley,Cleveland Guardians,,
Bowman Prospects,BP-57,Chase Hampton,New York Yankees,,
Bowman Prospects,BP-58,Jonathon Long,Chicago Cubs,,
Bowman Prospects,BP-59,Leo De Vries,San Diego Padres,,
Bowman Prospects,BP-60,Jack Penney,Detroit Tigers,,
Bowman Prospects,BP-61,D'Angelo Ortiz,Boston Red Sox,,
Bowman Prospects,BP-62,Luke Sinnard,Atlanta Braves,,
Bowman Prospects,BP-63,George Klassen,Los Angeles Angels,,
Bowman Prospects,BP-64,Jack Lines,Tampa Bay Rays,,
Bowman Prospects,BP-65,Aroon Escobar,Philadelphia Phillies,,
Bowman Prospects,BP-66,Jesus Made,Milwaukee Brewers,,
Bowman Prospects,BP-67,Franklin Arias,Boston Red Sox,,
Bowman Prospects,BP-68,Javier Mogollon,Chicago White Sox,,
Bowman Prospects,BP-69,Thomas White,Miami Marlins,,
Bowman Prospects,BP-70,Esteban Gonzalez,Cleveland Guardians,,
Bowman Prospects,BP-71,Richard Matic,New York Yankees,,
Bowman Prospects,BP-72,Paulino Santana,Texas Rangers,,
Bowman Prospects,BP-73,Steven Echavarria,Athletics,,
Bowman Prospects,BP-74,Zack Showalter,St. Louis Cardinals,,
Bowman Prospects,BP-75,Charlie Condon,Colorado Rockies,,
Bowman Prospects,BP-76,Blake Wolters,Kansas City Royals,,
Bowman Prospects,BP-77,Khadim Diaw,Minnesota Twins,,
Bowman Prospects,BP-78,Payton Eeles,Minnesota Twins,,
Bowman Prospects,BP-79,Kevin McGonigle,Detroit Tigers,,
Bowman Prospects,BP-80,Edgleen Perez,New York Yankees,,
Bowman Prospects,BP-81,Aidan Smith,Tampa Bay Rays,,
Bowman Prospects,BP-82,Kevyn Castillo,Los Angeles Angels,,
Bowman Prospects,BP-83,Émilien Pitre,Tampa Bay Rays,,
Bowman Prospects,BP-84,Jansel Luis,Arizona Diamondbacks,,
Bowman Prospects,BP-85,Jared Sundstrom,Seattle Mariners,,
Bowman Prospects,BP-86,Konnor Griffin,Pittsburgh Pirates,,
Bowman Prospects,BP-87,Didier Fuentes,Atlanta Braves,,
Bowman Prospects,BP-88,Jesus Lopez,Texas Rangers,,
Bowman Prospects,BP-89,Sean Keys,Toronto Blue Jays,,
Bowman Prospects,BP-90,Andrew Morris,Minnesota Twins,,
Bowman Prospects,BP-91,PJ Morlando,Miami Marlins,,
Bowman Prospects,BP-92,Bo Walker,Arizona Diamondbacks,,
Bowman Prospects,BP-93,Seaver King,Washington Nationals,,
Bowman Prospects,BP-94,Marcos Torres,Texas Rangers,,
Bowman Prospects,BP-95,Tsung-Che Cheng,Pittsburgh Pirates,,
Bowman Prospects,BP-96,Humberto Cruz,San Diego Padres,,
Bowman Prospects,BP-97,Cameron Sullivan,Cleveland Guardians,,
Bowman Prospects,BP-98,Anderson Brito,Houston Astros,,
Bowman Prospects,BP-99,Naibel Mariano,Cincinnati Reds,,
Bowman Prospects,BP-100,Sammy Stafura,Cincinnati Reds,,
Bowman Prospects,BP-101,Tink Hence,St. Louis Cardinals,,
Bowman Prospects,BP-102,Nate Nankil,Athletics,,
Bowman Prospects,BP-103,Jac Caglianone,Kansas City Royals,,
Bowman Prospects,BP-104,Cobb Hightower,San Diego Padres,,
Bowman Prospects,BP-105,Jonah Tong,New York Mets,,
Bowman Prospects,BP-106,Jose Perdomo,Atlanta Braves,,
Bowman Prospects,BP-107,Christian Moore,Los Angeles Angels,,
Bowman Prospects,BP-108,Carson Benge,New York Mets,,
Bowman Prospects,BP-109,Samuel Basallo,Baltimore Orioles,,
Bowman Prospects,BP-110,Fernando Cruz,Chicago Cubs,,
Bowman Prospects,BP-111,Jose Pirela,Cleveland Guardians,,
Bowman Prospects,BP-112,Cody Freeman,Texas Rangers,,
Bowman Prospects,BP-113,Caden Kendle,Minnesota Twins,,
Bowman Prospects,BP-114,Nick Kurtz,Athletics,,
Bowman Prospects,BP-115,Eduardo Quintero,Los Angeles Dodgers,,
Bowman Prospects,BP-116,Andrew Painter,Philadelphia Phillies,,
Bowman Prospects,BP-117,Jesus Tillero,Los Angeles Dodgers,,
Bowman Prospects,BP-118,Kyle Teel,Chicago White Sox,,
Bowman Prospects,BP-119,Hyungchan Um,Kansas City Royals,,
Bowman Prospects,BP-120,Caleb Lomavita,Washington Nationals,,
Bowman Prospects,BP-121,Winston Santos,Texas Rangers,,
Bowman Prospects,BP-122,Chase Burns,Cincinnati Reds,,
Bowman Prospects,BP-123,Jhonayker Ugarte,Kansas City Royals,,
Bowman Prospects,BP-124,Elvin Garcia,Baltimore Orioles,,
Bowman Prospects,BP-125,Alejandro Rosario,Texas Rangers,,
Bowman Prospects,BP-126,Jhancarlos Lara,Atlanta Braves,,
Bowman Prospects,BP-127,Emil Morales,Los Angeles Dodgers,,
Bowman Prospects,BP-128,Cory Lewis,Minnesota Twins,,
Bowman Prospects,BP-129,Malcolm Moore,Texas Rangers,,
Bowman Prospects,BP-130,Conrad Cason,Boston Red Sox,,
Bowman Prospects,BP-131,Travis Bazzana,Cleveland Guardians,,
Bowman Prospects,BP-132,Braden Montgomery,Chicago White Sox,,
Bowman Prospects,BP-133,Sebastian Walcott,Texas Rangers,,
Bowman Prospects,BP-134,Onil Perez,San Francisco Giants,,
Bowman Prospects,BP-135,Lucas Ramirez,Los Angeles Angels,,
Bowman Prospects,BP-136,Josh Knoth,Milwaukee Brewers,,
Bowman Prospects,BP-137,Kellon Lindsey,Los Angeles Dodgers,,
Bowman Prospects,BP-138,Druw Jones,Arizona Diamondbacks,,
Bowman Prospects,BP-139,Kyle DeBarge,Minnesota Twins,,
Bowman Prospects,BP-140,Luis Merejo,Cleveland Guardians,,
Bowman Prospects,BP-141,Chen-Wei Lin,St. Louis Cardinals,,
Bowman Prospects,BP-142,Santiago Suarez,Tampa Bay Rays,,
Bowman Prospects,BP-143,Jakob Wright,Los Angeles Dodgers,,
Bowman Prospects,BP-144,Pablo Guerrero,Texas Rangers,,
Bowman Prospects,BP-145,Matt Wilkinson,Cleveland Guardians,,
Bowman Prospects,BP-146,Yeremi Cabrera,Texas Rangers,,
Bowman Prospects,BP-147,Jhonny Level,San Francisco Giants,,
Bowman Prospects,BP-148,Braylon Payne,Milwaukee Brewers,,
Bowman Prospects,BP-149,Alex Mooney,Cleveland Guardians,,
Bowman Prospects,BP-150,Charles McAdoo,Toronto Blue Jays,,
Bowman Chrome Prospects,BCP-1,Walker Jenkins,Minnesota Twins,,
Bowman Chrome Prospects,BCP-2,Zyhir Hope,Los Angeles Dodgers,,
Bowman Chrome Prospects,BCP-3,Romeo Sanabria,San Diego Padres,,
Bowman Chrome Prospects,BCP-4,Asbel Gonzalez,Kansas City Royals,,
Bowman Chrome Prospects,BCP-5,Franyerber Montilla,Detroit Tigers,,
Bowman Chrome Prospects,BCP-6,Wen-Hui Pan,Philadelphia Phillies,,
Bowman Chrome Prospects,BCP-7,Gregory Barrios,Tampa Bay Rays,,
Bowman Chrome Prospects,BCP-8,Dawel Joseph,Seattle Mariners,,
Bowman Chrome Prospects,BCP-9,Esteban Mejia,Texas Rangers,,
Bowman Chrome Prospects,BCP-10,Cade Horton,Chicago Cubs,,
Bowman Chrome Prospects,BCP-11,Jackson Humphries,Cleveland Guardians,,
Bowman Chrome Prospects,BCP-12,Hayden Alvarez,Los Angeles Angels,,
Bowman Chrome Prospects,BCP-13,Josue Briceno,Detroit Tigers,,
Bowman Chrome Prospects,BCP-14,Owen Wild,Tampa Bay Rays,,
Bowman Chrome Prospects,BCP-15,Walker Janek,Houston Astros,,
Bowman Chrome Prospects,BCP-16,Engelth Urena,New York Yankees,,
Bowman Chrome Prospects,BCP-17,Colt Emerson,Seattle Mariners,,
Bowman Chrome Prospects,BCP-18,Ichiro Cano Hernandez,Cincinnati Reds,,
Bowman Chrome Prospects,BCP-19,Fabian Lopez,Miami Marlins,,
Bowman Chrome Prospects,BCP-20,Ashly Andujar,Colorado Rockies,,
Bowman Chrome Prospects,BCP-21,Slade Caldwell,Arizona Diamondbacks,,
Bowman Chrome Prospects,BCP-22,JJ Wetherholt,St. Louis Cardinals,,
Bowman Chrome Prospects,BCP-23,Lazaro Montes,Seattle Mariners,,
Bowman Chrome Prospects,BCP-24,Max Clark,Detroit Tigers,,
Bowman Chrome Prospects,BCP-25,Quinn Mathews,St. Louis Cardinals,,
Bowman Chrome Prospects,BCP-26,Jancel Villarroel,Houston Astros,,
Bowman Chrome Prospects,BCP-27,Yu-Min Lin,Arizona Diamondbacks,,
Bowman Chrome Prospects,BCP-28,Carlos Tavares,Washington Nationals,,
Bowman Chrome Prospects,BCP-29,David Ortiz Jr.,Texas Rangers,,
Bowman Chrome Prospects,BCP-30,Bishop Letson,Milwaukee Brewers,,
Bowman Chrome Prospects,BCP-31,Ricardo Yan,Arizona Diamondbacks,,
Bowman Chrome Prospects,BCP-32,Cole Fontenelle,Los Angeles Angels,,
Bowman Chrome Prospects,BCP-33,Aron Estrada,Baltimore Orioles,,
Bowman Chrome Prospects,BCP-34,Rafael Flores,New York Yankees,,
Bowman Chrome Prospects,BCP-35,Will Simpson,Athletics,,
Bowman Chrome Prospects,BCP-36,Yophery Rodriguez,Milwaukee Brewers,,
Bowman Chrome Prospects,BCP-37,Esmith Pineda,Cincinnati Reds,,
Bowman Chrome Prospects,BCP-38,Luis Pena,Milwaukee Brewers,,
Bowman Chrome Prospects,BCP-39,James Tibbs III,San Francisco Giants,,
Bowman Chrome Prospects,BCP-40,Robert Calaz,Colorado Rockies,,
Bowman Chrome Prospects,BCP-41,Mitch Jebb,Pittsburgh Pirates,,
Bowman Chrome Prospects,BCP-42,Kristian Campbell,Boston Red Sox,,
Bowman Chrome Prospects,BCP-43,Jhostynxon Garcia,Boston Red Sox,,
Bowman Chrome Prospects,BCP-44,Hagen Smith,Chicago White Sox,,
Bowman Chrome Prospects,BCP-45,Victor Rodrigues,Los Angeles Dodgers,,
Bowman Chrome Prospects,BCP-46,Cam Caminiti,Atlanta Braves,,
Bowman Chrome Prospects,BCP-47,Dylan Fien,Athletics,,
Bowman Chrome Prospects,BCP-48,Cam Smith,Houston Astros,,
Bowman Chrome Prospects,BCP-49,Bryce Rainer,Detroit Tigers,,
Bowman Chrome Prospects,BCP-50,Jesus Made,Milwaukee Brewers,,
Bowman Chrome Prospects,BCP-51,Hyun-Seok Jang,Los Angeles Dodgers,,
Bowman Chrome Prospects,BCP-52,Ismael Javier,San Diego Padres,,
Bowman Chrome Prospects,BCP-53,Jacob Bresnahan,San Francisco Giants,,
Bowman Chrome Prospects,BCP-54,Aidan Miller,Philadelphia Phillies,,
Bowman Chrome Prospects,BCP-55,Gary Gill Hill,Tampa Bay Rays,,
Bowman Chrome Prospects,BCP-56,Chase Mobley,Cleveland Guardians,,
Bowman Chrome Prospects,BCP-57,Chase Hampton,New York Yankees,,
Bowman Chrome Prospects,BCP-58,Jonathon Long,Chicago Cubs,,
Bowman Chrome Prospects,BCP-59,Leo De Vries,San Diego Padres,,
Bowman Chrome Prospects,BCP-60,Jack Penney,Detroit Tigers,,
Bowman Chrome Prospects,BCP-61,D'Angelo Ortiz,Boston Red Sox,,
Bowman Chrome Prospects,BCP-62,Luke Sinnard,Atlanta Braves,,
Bowman Chrome Prospects,BCP-63,George Klassen,Los Angeles Angels,,
Bowman Chrome Prospects,BCP-64,Jack Lines,Tampa Bay Rays,,
Bowman Chrome Prospects,BCP-65,Aroon Escobar,Philadelphia Phillies,,
Bowman Chrome Prospects,BCP-66,Sammy Hernandez,St. Louis Cardinals,,
Bowman Chrome Prospects,BCP-67,Franklin Arias,Boston Red Sox,,
Bowman Chrome Prospects,BCP-68,Javier Mogollon,Chicago White Sox,,
Bowman Chrome Prospects,BCP-69,Thomas White,Miami Marlins,,
Bowman Chrome Prospects,BCP-70,Esteban Gonzalez,Cleveland Guardians,,
Bowman Chrome Prospects,BCP-71,Richard Matic,New York Yankees,,
Bowman Chrome Prospects,BCP-72,Paulino Santana,Texas Rangers,,
Bowman Chrome Prospects,BCP-73,Steven Echavarria,Athletics,,
Bowman Chrome Prospects,BCP-74,Zack Showalter,St. Louis Cardinals,,
Bowman Chrome Prospects,BCP-75,Charlie Condon,Colorado Rockies,,
Bowman Chrome Prospects,BCP-76,Blake Wolters,Kansas City Royals,,
Bowman Chrome Prospects,BCP-77,Khadim Diaw,Minnesota Twins,,
Bowman Chrome Prospects,BCP-78,Payton Eeles,Minnesota Twins,,
Bowman Chrome Prospects,BCP-79,Kevin McGonigle,Detroit Tigers,,
Bowman Chrome Prospects,BCP-80,Edgleen Perez,New York Yankees,,
Bowman Chrome Prospects,BCP-81,Aidan Smith,Tampa Bay Rays,,
Bowman Chrome Prospects,BCP-82,Kevyn Castillo,Los Angeles Angels,,
Bowman Chrome Prospects,BCP-83,Émilien Pitre,Tampa Bay Rays,,
Bowman Chrome Prospects,BCP-84,Jansel Luis,Arizona Diamondbacks,,
Bowman Chrome Prospects,BCP-85,Jared Sundstrom,Seattle Mariners,,
Bowman Chrome Prospects,BCP-86,Konnor Griffin,Pittsburgh Pirates,,
Bowman Chrome Prospects,BCP-87,Didier Fuentes,Atlanta Braves,,
Bowman Chrome Prospects,BCP-88,Jesus Lopez,Texas Rangers,,
Bowman Chrome Prospects,BCP-89,Sean Keys,Toronto Blue Jays,,
Bowman Chrome Prospects,BCP-90,Andrew Morris,Minnesota Twins,,
Bowman Chrome Prospects,BCP-91,PJ Morlando,Miami Marlins,,
Bowman Chrome Prospects,BCP-92,Bo Walker,Arizona Diamondbacks,,
Bowman Chrome Prospects,BCP-93,Seaver King,Washington Nationals,,
Bowman Chrome Prospects,BCP-94,Marcos Torres,Texas Rangers,,
Bowman Chrome Prospects,BCP-95,Tsung-Che Cheng,Pittsburgh Pirates,,
Bowman Chrome Prospects,BCP-96,Humberto Cruz,San Diego Padres,,
Bowman Chrome Prospects,BCP-97,Cameron Sullivan,Cleveland Guardians,,
Bowman Chrome Prospects,BCP-98,Anderson Brito,Houston Astros,,
Bowman Chrome Prospects,BCP-99,Naibel Mariano,Cincinnati Reds,,
Bowman Chrome Prospects,BCP-100,Sammy Stafura,Cincinnati Reds,,
Bowman Chrome Prospects,BCP-101,Tink Hence,St. Louis Cardinals,,
Bowman Chrome Prospects,BCP-102,Nate Nankil,Athletics,,
Bowman Chrome Prospects,BCP-103,Jac Caglianone,Kansas City Royals,,
Bowman Chrome Prospects,BCP-104,Cobb Hightower,San Diego Padres,,
Bowman Chrome Prospects,BCP-105,Jonah Tong,New York Mets,,
Bowman Chrome Prospects,BCP-106,Jose Perdomo,Atlanta Braves,,
Bowman Chrome Prospects,BCP-107,Christian Moore,Los Angeles Angels,,
Bowman Chrome Prospects,BCP-108,Carson Benge,New York Mets,,
Bowman Chrome Prospects,BCP-109,Samuel Basallo,Baltimore Orioles,,
Bowman Chrome Prospects,BCP-110,Fernando Cruz,Chicago Cubs,,
Bowman Chrome Prospects,BCP-111,Jose Pirela,Cleveland Guardians,,
Bowman Chrome Prospects,BCP-112,Cody Freeman,Texas Rangers,,
Bowman Chrome Prospects,BCP-113,Caden Kendle,Minnesota Twins,,
Bowman Chrome Prospects,BCP-114,Nick Kurtz,Athletics,,
Bowman Chrome Prospects,BCP-115,Eduardo Quintero,Los Angeles Dodgers,,
Bowman Chrome Prospects,BCP-116,Andrew Painter,Philadelphia Phillies,,
Bowman Chrome Prospects,BCP-117,Jesus Tillero,Los Angeles Dodgers,,
Bowman Chrome Prospects,BCP-118,Kyle Teel,Chicago White Sox,,
Bowman Chrome Prospects,BCP-119,Hyungchan Um,Kansas City Royals,,
Bowman Chrome Prospects,BCP-120,Caleb Lomavita,Washington Nationals,,
Bowman Chrome Prospects,BCP-121,Winston Santos,Texas Rangers,,
Bowman Chrome Prospects,BCP-122,Chase Burns,Cincinnati Reds,,
Bowman Chrome Prospects,BCP-123,Jhonayker Ugarte,Kansas City Royals,,
Bowman Chrome Prospects,BCP-124,Elvin Garcia,Baltimore Orioles,,
Bowman Chrome Prospects,BCP-125,Alejandro Rosario,Texas Rangers,,
Bowman Chrome Prospects,BCP-126,Jhancarlos Lara,Atlanta Braves,,
Bowman Chrome Prospects,BCP-127,Emil Morales,Los Angeles Dodgers,,
Bowman Chrome Prospects,BCP-128,Cory Lewis,Minnesota Twins,,
Bowman Chrome Prospects,BCP-129,Malcolm Moore,Texas Rangers,,
Bowman Chrome Prospects,BCP-130,Conrad Cason,Boston Red Sox,,
Bowman Chrome Prospects,BCP-131,Travis Bazzana,Cleveland Guardians,,
Bowman Chrome Prospects,BCP-132,Braden Montgomery,Chicago White Sox,,
Bowman Chrome Prospects,BCP-133,Sebastian Walcott,Texas Rangers,,
Bowman Chrome Prospects,BCP-134,Onil Perez,San Francisco Giants,,
Bowman Chrome Prospects,BCP-135,Lucas Ramirez,Los Angeles Angels,,
Bowman Chrome Prospects,BCP-136,Josh Knoth,Milwaukee Brewers,,
Bowman Chrome Prospects,BCP-137,Kellon Lindsey,Los Angeles Dodgers,,
Bowman Chrome Prospects,BCP-138,Druw Jones,Arizona Diamondbacks,,
Bowman Chrome Prospects,BCP-139,Kyle DeBarge,Minnesota Twins,,
Bowman Chrome Prospects,BCP-140,Luis Merejo,Cleveland Guardians,,
Bowman Chrome Prospects,BCP-141,Chen-Wei Lin,St. Louis Cardinals,,
Bowman Chrome Prospects,BCP-142,Santiago Suarez,Tampa Bay Rays,,
Bowman Chrome Prospects,BCP-143,Jakob Wright,Los Angeles Dodgers,,
Bowman Chrome Prospects,BCP-144,Pablo Guerrero,Texas Rangers,,
Bowman Chrome Prospects,BCP-145,Matt Wilkinson,Cleveland Guardians,,
Bowman Chrome Prospects,BCP-146,Yeremi Cabrera,Texas Rangers,,
Bowman Chrome Prospects,BCP-147,Jhonny Level,San Francisco Giants,,
Bowman Chrome Prospects,BCP-148,Braylon Payne,Milwaukee Brewers,,
Bowman Chrome Prospects,BCP-149,Alex Mooney,Cleveland Guardians,,
Bowman Chrome Prospects,BCP-150,Charles McAdoo,Toronto Blue Jays,,
All America Game Autographs,,Carter Johnson,Miami Marlins,,
All America Game Autographs,,Jack Leiter,Texas Rangers,,
All America Game Autographs,,Jared Jones,Pittsburgh Pirates,,
All America Game Autographs,,Kevin McGonigle,Detroit Tigers,,
All America Game Autographs,,Travis Sykora,Washington Nationals,,
Anime,BA-1,Mike Trout,Los Angeles Angels,,
Anime,BA-2,Coby Mayo,Baltimore Orioles,,
Anime,BA-3,Charlie Condon,Colorado Rockies,,
Anime,BA-4,Bobby Witt Jr.,Kansas City Royals,,
Anime,BA-5,Mookie Betts,Los Angeles Dodgers,,
Anime,BA-6,Aaron Judge,New York Yankees,,
Anime,BA-7,Bryce Harper,Philadelphia Phillies,,
Anime,BA-8,Leo De Vries,San Diego Padres,,
Anime,BA-9,JJ Wetherholt,St. Louis Cardinals,,
Anime,BA-10,James Wood,Washington Nationals,,
Anime,BA-11,Walker Jenkins,Minnesota Twins,,
Anime,BA-12,Max Clark,Detroit Tigers,,
Anime,BA-13,George Brett,Kansas City Royals,,
Anime,BA-14,Ichiro,Seattle Mariners,,
Anime,BA-15,Derek Jeter,New York Yankees,,
Anime,BA-16,Jac Caglianone,Kansas City Royals,,
Anime,BA-17,Travis Bazzana,Cleveland Guardians,,
Anime,BA-18,Konnor Griffin,Pittsburgh Pirates,,
Anime,BA-19,Christian Moore,Los Angeles Angels,,
Anime,BA-20,Roki Sasaki,Los Angeles Dodgers,,
Anime,BA-21,Hyeseong Kim,Los Angeles Dodgers,,
Anime,BA-22,Albert Pujols,St. Louis Cardinals,,
Anime,BA-23,Juan Soto,New York Mets,,
Anime,BA-24,Hideki Matsui,New York Yankees,,
Anime,BA-25,Dylan Crews,Washington Nationals,,
Anime,BA-26,Luisangel Acuña,New York Mets,,
Anime,BA-27,Shohei Ohtani,Los Angeles Dodgers,,
Anime,BA-28,Fernando Tatis Jr.,San Diego Padres,,
Anime,BA-29,Rafael Devers,Boston Red Sox,,
Anime,BA-30,Vladimir Guerrero Jr.,Toronto Blue Jays,,
Anime Kanji Variations,BA-14,Ichiro,Seattle Mariners,,
Anime Kanji Variations,BA-20,Roki Sasaki,Los Angeles Dodgers,,
Anime Kanji Variations,BA-24,Hideki Matsui,New York Yankees,,
Anime Kanji Variations,BA-27,Shohei Ohtani,Los Angeles Dodgers,,
Bowman Dual Autographs,BDA-JB,Bobby Witt Jr. / Jac Caglianone,Kansas City Royals,,
Bowman Prospect Autographs,BPA-AP,Andrew Painter,Philadelphia Phillies,,
Bowman Prospect Autographs,BPA-BA,Blake Aita,Boston Red Sox,,
Bowman Prospect Autographs,BPA-CB,Chase Burns,Cincinnati Reds,,
Bowman Prospect Autographs,BPA-CC,Charlie Condon,Colorado Rockies,,
Bowman Prospect Autographs,BPA-CHC,Chris Campos,Los Angeles Dodgers,,
Bowman Prospect Autographs,BPA-CHO,Cade Horton,Chicago Cubs,,
Bowman Prospect Autographs,BPA-CM,Charles McAdoo,Toronto Blue Jays,,
Bowman Prospect Autographs,BPA-CW,Chandler Welch,Milwaukee Brewers,,
Bowman Prospect Autographs,BPA-DH,David Hagaman,Texas Rangers,,
Bowman Prospect Autographs,BPA-DJ,Druw Jones,Arizona Diamondbacks,,
Bowman Prospect Autographs,BPA-EQ,Eduardo Quintero,Los Angeles Dodgers,,
Bowman Prospect Autographs,BPA-GH,Garrett Horn,Texas Rangers,,
Bowman Prospect Autographs,BPA-GK,Grant Knipp,Seattle Mariners,,
Bowman Prospect Autographs,BPA-HS,Hagen Smith,Chicago White Sox,,
Bowman Prospect Autographs,BPA-JC,Jac Caglianone,Kansas City Royals,,
Bowman Prospect Autographs,BPA-JH,Josh Hartle,Cleveland Guardians,,
Bowman Prospect Autographs,BPA-JM,Jesus Made,Milwaukee Brewers,,
Bowman Prospect Autographs,BPA-JR,Jeremy Rodriguez,New York Mets,,
Bowman Prospect Autographs,BPA-JW,JJ Wetherholt,St. Louis Cardinals,,
Bowman Prospect Autographs,BPA-KD,Kyle DeBarge,Minnesota Twins,,
Bowman Prospect Autographs,BPA-KE,Konner Eaton,Colorado Rockies,,
Bowman Prospect Autographs,BPA-KT,Kyle Teel,Chicago White Sox,,
Bowman Prospect Autographs,BPA-LA,Luis Almeyda,Baltimore Orioles,,
Bowman Prospect Autographs,BPA-LD,Leo De Vries,San Diego Padres,,
Bowman Prospect Autographs,BPA-MA,Mick Abel,Philadelphia Phillies,,
Bowman Prospect Autographs,BPA-NK,Nick Kurtz,Athletics,,
Bowman Prospect Autographs,BPA-PM,PJ Morlando,Miami Marlins,,
Bowman Prospect Autographs,BPA-PO,Peyton Olejnik,Los Angeles Angels,,
Bowman Prospect Autographs,BPA-SC,Slade Caldwell,Arizona Diamondbacks,,
Bowman Prospect Autographs,BPA-SS,Sam Stuhr,Athletics,,
Bowman Prospect Autographs,BPA-TB,Travis Bazzana,Cleveland Guardians,,
Bowman Prospect Autographs,BPA-TH,Tink Hence,St. Louis Cardinals,,
Bowman Prospect Autographs,BPA-TT,Tommy Troy,Arizona Diamondbacks,,
Bowman Prospect Autographs,BPA-WJ,Walker Jenkins,Minnesota Twins,,
Bowman Rookies and Veterans Autographs,PRV-AP,Andy Pages,Los Angeles Dodgers,,
Bowman Rookies and Veterans Autographs,PRV-BB,Brett Baty,New York Mets,,
Bowman Rookies and Veterans Autographs,PRV-BD,Brenton Doyle,Colorado Rockies,,
Bowman Rookies and Veterans Autographs,PRV-BR,Brayan Rocchio,Cleveland Guardians,,
Bowman Rookies and Veterans Autographs,PRV-CC,Corbin Carroll,Arizona Diamondbacks,,
Bowman Rookies and Veterans Autographs,PRV-CCO,Colton Cowser,Baltimore Orioles,,
Bowman Rookies and Veterans Autographs,PRV-CM,Coby Mayo,Baltimore Orioles,,
Bowman Rookies and Veterans Autographs,PRV-CR,Ceddanne Rafaela,Boston Red Sox,,
Bowman Rookies and Veterans Autographs,PRV-DT,Drew Thorpe,Chicago White Sox,,
Bowman Rookies and Veterans Autographs,PRV-EC,Evan Carter,Texas Rangers,,
Bowman Rookies and Veterans Autographs,PRV-HW,Hurston Waldrep,Atlanta Braves,,
Bowman Rookies and Veterans Autographs,PRV-JB,Jake Bloss,Toronto Blue Jays,,
Bowman Rookies and Veterans Autographs,PRV-JD,Jasson Domínguez,New York Yankees,,
Bowman Rookies and Veterans Autographs,PRV-JH,Jackson Holliday,Baltimore Orioles,,
Bowman Rookies and Veterans Autographs,PRV-JJ,Josh Jung,Texas Rangers,,
Bowman Rookies and Veterans Autographs,PRV-JJO,Jackson Jobe,Detroit Tigers,,
Bowman Rookies and Veterans Autographs,PRV-JL,Jordan Lawlar,Arizona Diamondbacks,,
Bowman Rookies and Veterans Autographs,PRV-JM,J.D. Martinez,New York Mets,,
Bowman Rookies and Veterans Autographs,PRV-JW,Jordan Westburg,Baltimore Orioles,,
Bowman Rookies and Veterans Autographs,PRV-KB,Kris Bryant,Colorado Rockies,,
Bowman Rookies and Veterans Autographs,PRV-KR,Kumar Rocker,Texas Rangers,,
Bowman Rookies and Veterans Autographs,PRV-LA,Luisangel Acuña,New York Mets,,
Bowman Rookies and Veterans Autographs,PRV-MO,Matt Olson,Atlanta Braves,,
Bowman Rookies and Veterans Autographs,PRV-MV,Mark Vientos,New York Mets,,
Bowman Rookies and Veterans Autographs,PRV-OP,Oswald Peraza,New York Yankees,,
Bowman Rookies and Veterans Autographs,PRV-RA,Ronald Acuña Jr.,Atlanta Braves,,
Bowman Rookies and Veterans Autographs,PRV-SL,Seth Lugo,Kansas City Royals,,
Bowman Rookies and Veterans Autographs,PRV-SS,Spencer Strider,Atlanta Braves,,
Bowman Rookies and Veterans Autographs,PRV-TB,Tyler Black,Milwaukee Brewers,,
Bowman Rookies and Veterans Autographs,PRV-TE,Tommy Edman,Los Angeles Dodgers,,
Bowman Rookies and Veterans Autographs,PRV-TS,Thomas Saggese,St. Louis Cardinals,,
Bowman Rookies and Veterans Autographs,PRV-TSA,Trey Sweeney,Detroit Tigers,,
Bowman Rookies and Veterans Autographs,PRV-VG,Vladimir Guerrero Jr.,Toronto Blue Jays,,
Bowman Rookies and Veterans Autographs,PRV-VS,Victor Scott II,St. Louis Cardinals,,
Bowman Rookies and Veterans Autographs,PRV-XE,Xavier Edwards,Miami Marlins,,
Bowman Scouts' Top 100,BTP-1,Roman Anthony,Boston Red Sox,,
Bowman Scouts' Top 100,BTP-2,Walker Jenkins,Minnesota Twins,,
Bowman Scouts' Top 100,BTP-3,Carson Williams,Tampa Bay Rays,,
Bowman Scouts' Top 100,BTP-4,Marcelo Mayer,Boston Red Sox,,
Bowman Scouts' Top 100,BTP-5,Samuel Basallo,Baltimore Orioles,,
Bowman Scouts' Top 100,BTP-6,Max Clark,Detroit Tigers,,
Bowman Scouts' Top 100,BTP-7,Charlie Condon,Colorado Rockies,,
Bowman Scouts' Top 100,BTP-8,Travis Bazzana,Cleveland Guardians,,
Bowman Scouts' Top 100,BTP-9,Ethan Salas,San Diego Padres,,
Bowman Scouts' Top 100,BTP-10,Jesus Made,Milwaukee Brewers,,
Bowman Scouts' Top 100,BTP-11,Bubba Chandler,Pittsburgh Pirates,,
Bowman Scouts' Top 100,BTP-12,Colt Emerson,Seattle Mariners,,
Bowman Scouts' Top 100,BTP-13,Kristian Campbell,Boston Red Sox,,
Bowman Scouts' Top 100,BTP-14,Jac Caglianone,Kansas City Royals,,
Bowman Scouts' Top 100,BTP-15,JJ Wetherholt,St. Louis Cardinals,,
Bowman Scouts' Top 100,BTP-16,Noah Schultz,Chicago White Sox,,
Bowman Scouts' Top 100,BTP-17,Chase Burns,Cincinnati Reds,,
Bowman Scouts' Top 100,BTP-18,Sebastian Walcott,Texas Rangers,,
Bowman Scouts' Top 100,BTP-19,Andrew Painter,Philadelphia Phillies,,
Bowman Scouts' Top 100,BTP-20,Leo De Vries,San Diego Padres,,
Bowman Scouts' Top 100,BTP-21,Josue De Paula,Los Angeles Dodgers,,
Bowman Scouts' Top 100,BTP-22,Kyle Teel,Chicago White Sox,,
Bowman Scouts' Top 100,BTP-23,Aidan Miller,Philadelphia Phillies,,
Bowman Scouts' Top 100,BTP-24,Matt Shaw,Chicago Cubs,,
Bowman Scouts' Top 100,BTP-25,Kevin McGonigle,Detroit Tigers,,
Bowman Scouts' Top 100,BTP-26,Emmanuel Rodriguez,Minnesota Twins,,
Bowman Scouts' Top 100,BTP-27,Bryce Eldridge,San Francisco Giants,,
Bowman Scouts' Top 100,BTP-28,Robert Calaz,Colorado Rockies,,
Bowman Scouts' Top 100,BTP-29,Colson Montgomery,Chicago White Sox,,
Bowman Scouts' Top 100,BTP-30,Xavier Isaac,Tampa Bay Rays,,
Bowman Scouts' Top 100,BTP-31,Chase DeLauter,Cleveland Guardians,,
Bowman Scouts' Top 100,BTP-32,Nick Kurtz,Athletics,,
Bowman Scouts' Top 100,BTP-33,Hagen Smith,Chicago White Sox,,
Bowman Scouts' Top 100,BTP-34,Thomas White,Miami Marlins,,
Bowman Scouts' Top 100,BTP-35,Brandon Sproat,New York Mets,,
Bowman Scouts' Top 100,BTP-36,Emil Morales,Los Angeles Dodgers,,
Bowman Scouts' Top 100,BTP-37,Jacob Misiorowski,Milwaukee Brewers,,
Bowman Scouts' Top 100,BTP-38,Tink Hence,St. Louis Cardinals,,
Bowman Scouts' Top 100,BTP-39,Owen Caissie,Chicago Cubs,,
Bowman Scouts' Top 100,BTP-40,Cole Young,Seattle Mariners,,
Bowman Scouts' Top 100,BTP-41,Dalton Rushing,Los Angeles Dodgers,,
Bowman Scouts' Top 100,BTP-42,Alejandro Rosario,Texas Rangers,,
Bowman Scouts' Top 100,BTP-43,Jeferson Quero,Milwaukee Brewers,,
Bowman Scouts' Top 100,BTP-44,Lazaro Montes,Seattle Mariners,,
Bowman Scouts' Top 100,BTP-45,Konnor Griffin,Pittsburgh Pirates,,
Bowman Scouts' Top 100,BTP-46,Christian Moore,Los Angeles Angels,,
Bowman Scouts' Top 100,BTP-47,Justin Crawford,Philadelphia Phillies,,
Bowman Scouts' Top 100,BTP-48,Harry Ford,Seattle Mariners,,
Bowman Scouts' Top 100,BTP-49,Cade Horton,Chicago Cubs,,
Bowman Scouts' Top 100,BTP-50,Braden Montgomery,Chicago White Sox,,
Bowman Scouts' Top 100,BTP-51,Zyhir Hope,Los Angeles Dodgers,,
Bowman Scouts' Top 100,BTP-52,Edgar Quero,Chicago White Sox,,
Bowman Scouts' Top 100,BTP-53,Bryce Rainer,Detroit Tigers,,
Bowman Scouts' Top 100,BTP-54,Blake Mitchell,Kansas City Royals,,
Bowman Scouts' Top 100,BTP-55,Moises Ballesteros,Chicago Cubs,,
Bowman Scouts' Top 100,BTP-56,Cam Smith,Houston Astros,,
Bowman Scouts' Top 100,BTP-57,Franklin Arias,Boston Red Sox,,
Bowman Scouts' Top 100,BTP-58,Jett Williams,New York Mets,,
Bowman Scouts' Top 100,BTP-59,Spencer Jones,New York Yankees,,
Bowman Scouts' Top 100,BTP-60,Drew Gilbert,New York Mets,,
Bowman Scouts' Top 100,BTP-61,Noble Meyer,Miami Marlins,,
Bowman Scouts' Top 100,BTP-62,Eduardo Quintero,Los Angeles Dodgers,,
Bowman Scouts' Top 100,BTP-63,Thayron Liranzo,Detroit Tigers,,
Bowman Scouts' Top 100,BTP-64,Cooper Pratt,Milwaukee Brewers,,
Bowman Scouts' Top 100,BTP-65,Drake Baldwin,Atlanta Braves,,
Bowman Scouts' Top 100,BTP-66,Luke Keaschall,Minnesota Twins,,
Bowman Scouts' Top 100,BTP-67,Termarr Johnson,Pittsburgh Pirates,,
Bowman Scouts' Top 100,BTP-68,Jacob Melton,Houston Astros,,
Bowman Scouts' Top 100,BTP-69,Jaison Chourio,Cleveland Guardians,,
Bowman Scouts' Top 100,BTP-70,Agustin Ramirez,Miami Marlins,,
Bowman Scouts' Top 100,BTP-71,Jonny Farmelo,Seattle Mariners,,
Bowman Scouts' Top 100,BTP-72,Slade Caldwell,Arizona Diamondbacks,,
Bowman Scouts' Top 100,BTP-73,Seaver King,Washington Nationals,,
Bowman Scouts' Top 100,BTP-74,PJ Morlando,Miami Marlins,,
Bowman Scouts' Top 100,BTP-75,Tommy Troy,Arizona Diamondbacks,,
Bowman Scouts' Top 100,BTP-76,Theo Gillen,Tampa Bay Rays,,
Bowman Scouts' Top 100,BTP-77,Angel Genao,Cleveland Guardians,,
Bowman Scouts' Top 100,BTP-78,James Tibbs III,San Francisco Giants,,
Bowman Scouts' Top 100,BTP-79,Brayden Taylor,Tampa Bay Rays,,
Bowman Scouts' Top 100,BTP-80,Felnin Celesten,Seattle Mariners,,
Bowman Scouts' Top 100,BTP-81,Kyle DeBarge,Minnesota Twins,,
Bowman Scouts' Top 100,BTP-82,Josue Briceno,Detroit Tigers,,
Bowman Scouts' Top 100,BTP-83,Joendry Vargas,Los Angeles Dodgers,,
Bowman Scouts' Top 100,BTP-84,Welbyn Francisca,Cleveland Guardians,,
Bowman Scouts' Top 100,BTP-85,Cam Caminiti,Atlanta Braves,,
Bowman Scouts' Top 100,BTP-86,Ryan Clifford,New York Mets,,
Bowman Scouts' Top 100,BTP-87,Trey Yesavage,Toronto Blue Jays,,
Bowman Scouts' Top 100,BTP-88,George Klassen,Los Angeles Angels,,
Bowman Scouts' Top 100,BTP-89,Jose Perdomo,Atlanta Braves,,
Bowman Scouts' Top 100,BTP-90,Jefferson Rojas,Chicago Cubs,,
Bowman Scouts' Top 100,BTP-91,Alex Freeland,Los Angeles Dodgers,,
Bowman Scouts' Top 100,BTP-92,Ralphy Velazquez,Cleveland Guardians,,
Bowman Scouts' Top 100,BTP-93,Paulino Santana,Texas Rangers,,
Bowman Scouts' Top 100,BTP-94,James Triantos,Chicago Cubs,,
Bowman Scouts' Top 100,BTP-95,Cam Collier,Cincinnati Reds,,
Bowman Scouts' Top 100,BTP-96,Druw Jones,Arizona Diamondbacks,,
Bowman Scouts' Top 100,BTP-97,Travis Sykora,Washington Nationals,,
Bowman Scouts' Top 100,BTP-98,Yophery Rodriguez,Milwaukee Brewers,,
Bowman Scouts' Top 100,BTP-99,Gary Gill Hill,Tampa Bay Rays,,
Bowman Scouts' Top 100,BTP-100,Carson Benge,New York Mets,,
Bowman Spotlights,BS-1,Dylan Crews,Washington Nationals,,
Bowman Spotlights,BS-2,Jacob Wilson,Athletics,,
Bowman Spotlights,BS-3,Bobby Witt Jr.,Kansas City Royals,,
Bowman Spotlights,BS-4,Jesus Made,Milwaukee Brewers,,
Bowman Spotlights,BS-5,Roki Sasaki,Los Angeles Dodgers,,
Bowman Spotlights,BS-6,Hyeseong Kim,Los Angeles Dodgers,,
Bowman Spotlights,BS-7,PJ Morlando,Miami Marlins,,
Bowman Spotlights,BS-8,Luisangel Acuña,New York Mets,,
Bowman Spotlights,BS-9,Shohei Ohtani,Los Angeles Dodgers,,
Bowman Spotlights,BS-10,JJ Wetherholt,St. Louis Cardinals,,
Bowman Spotlights,BS-11,James Wood,Washington Nationals,,
Bowman Spotlights,BS-12,Charlie Condon,Colorado Rockies,,
Bowman Spotlights,BS-13,Coby Mayo,Baltimore Orioles,,
Bowman Spotlights,BS-14,Ronald Acuña Jr.,Atlanta Braves,,
Bowman Spotlights,BS-15,Kumar Rocker,Texas Rangers,,
Chrome Prospect Autographs,CPA-AA,Ashly Andujar,Colorado Rockies,,
Chrome Prospect Autographs,CPA-AE,Aroon Escobar,Philadelphia Phillies,,
Chrome Prospect Autographs,CPA-AES,Aron Estrada,Baltimore Orioles,,
Chrome Prospect Autographs,CPA-AM,Alex Mooney,Cleveland Guardians,,
Chrome Prospect Autographs,CPA-AMO,Andrew Morris,Minnesota Twins,,
Chrome Prospect Autographs,CPA-BH,Brody Hopkins,Tampa Bay Rays,,
Chrome Prospect Autographs,CPA-BM,Braden Montgomery,Chicago White Sox,,
Chrome Prospect Autographs,CPA-BWA,Bo Walker,Arizona Diamondbacks,,
Chrome Prospect Autographs,CPA-CB,Chase Burns,Cincinnati Reds,,
Chrome Prospect Autographs,CPA-CC,Charlie Condon,Colorado Rockies,,
Chrome Prospect Autographs,CPA-CCN,Conrad Cason,Boston Red Sox,,
Chrome Prospect Autographs,CPA-CF,Cole Fontenelle,Los Angeles Angels,,
Chrome Prospect Autographs,CPA-CFR,Cody Freeman,Texas Rangers,,
Chrome Prospect Autographs,CPA-CHI,Cobb Hightower,San Diego Padres,,
Chrome Prospect Autographs,CPA-CKE,Caden Kendle,Minnesota Twins,,
Chrome Prospect Autographs,CPA-CL,Chen-Wei Lin,St. Louis Cardinals,,
Chrome Prospect Autographs,CPA-CLE,Cory Lewis,Minnesota Twins,,
Chrome Prospect Autographs,CPA-CLO,Caleb Lomavita,Washington Nationals,,
Chrome Prospect Autographs,CPA-CMA,Charles McAdoo,Toronto Blue Jays,,
Chrome Prospect Autographs,CPA-CMO,Christian Moore,Los Angeles Angels,,
Chrome Prospect Autographs,CPA-CMY,Chase Mobley,Cleveland Guardians,,
Chrome Prospect Autographs,CPA-CS,Cameron Sullivan,Cleveland Guardians,,
Chrome Prospect Autographs,CPA-CSM,Cam Smith,Houston Astros,,
Chrome Prospect Autographs,CPA-DF,Dylan Fien,Athletics,,
Chrome Prospect Autographs,CPA-DFU,Didier Fuentes,Atlanta Braves,,
Chrome Prospect Autographs,CPA-DO,D'Angelo Ortiz,Boston Red Sox,,
Chrome Prospect Autographs,CPA-EGO,Esteban Gonzalez,Cleveland Guardians,,
Chrome Prospect Autographs,CPA-EM,Esteban Mejia,Texas Rangers,,
Chrome Prospect Autographs,CPA-EP,Esmith Pineda,Cincinnati Reds,,
Chrome Prospect Autographs,CPA-EPI,Émilien Pitre,Tampa Bay Rays,,
Chrome Prospect Autographs,CPA-EPZ,Edgleen Perez,New York Yankees,,
Chrome Prospect Autographs,CPA-EQ,Eduardo Quintero,Los Angeles Dodgers,,
Chrome Prospect Autographs,CPA-EU,Engelth Urena,New York Yankees,,
Chrome Prospect Autographs,CPA-FA,Franklin Arias,Boston Red Sox,,
Chrome Prospect Autographs,CPA-FL,Fabian Lopez,Miami Marlins,,
Chrome Prospect Autographs,CPA-FM,Franyerber Montilla,Detroit Tigers,,
Chrome Prospect Autographs,CPA-GB,Gregory Barrios,Tampa Bay Rays,,
Chrome Prospect Autographs,CPA-GG,Gary Gill Hill,Tampa Bay Rays,,
Chrome Prospect Autographs,CPA-GK,George Klassen,Los Angeles Angels,,
Chrome Prospect Autographs,CPA-HA,Hayden Alvarez,Los Angeles Angels,,
Chrome Prospect Autographs,CPA-HC,Humberto Cruz,San Diego Padres,,
Chrome Prospect Autographs,CPA-HJ,Hyun-Seok Jang,Los Angeles Dodgers,,
Chrome Prospect Autographs,CPA-HU,Hyungchan Um,Kansas City Royals,,
Chrome Prospect Autographs,CPA-IC,Ichiro Cano Hernandez,Cincinnati Reds,,
Chrome Prospect Autographs,CPA-JB,Josue Briceno,Detroit Tigers,,
Chrome Prospect Autographs,CPA-JBR,Jacob Bresnahan,San Francisco Giants,,
Chrome Prospect Autographs,CPA-JCA,Jac Caglianone,Kansas City Royals,,
Chrome Prospect Autographs,CPA-JF,Jadyn Fielder,Milwaukee Brewers,,
Chrome Prospect Autographs,CPA-JGA,Jhostynxon Garcia,Boston Red Sox,,
Chrome Prospect Autographs,CPA-JHU,Jackson Humphries,Cleveland Guardians,,
Chrome Prospect Autographs,CPA-JL,Jhonny Level,San Francisco Giants,,
Chrome Prospect Autographs,CPA-JLG,Jonathon Long,Chicago Cubs,,
Chrome Prospect Autographs,CPA-JLI,Jack Lines,Tampa Bay Rays,,
Chrome Prospect Autographs,CPA-JLO,Jesus Lopez,Texas Rangers,,
Chrome Prospect Autographs,CPA-JLU,Jansel Luis,Arizona Diamondbacks,,
Chrome Prospect Autographs,CPA-JM,Jesus Made,Milwaukee Brewers,,
Chrome Prospect Autographs,CPA-JMO,Javier Mogollon,Chicago White Sox,,
Chrome Prospect Autographs,CPA-JP,Jose Pirela,Cleveland Guardians,,
Chrome Prospect Autographs,CPA-JPY,Jack Penney,Detroit Tigers,,
Chrome Prospect Autographs,CPA-JSU,Jared Sundstrom,Seattle Mariners,,
Chrome Prospect Autographs,CPA-JT,Jesus Tillero,Los Angeles Dodgers,,
Chrome Prospect Autographs,CPA-JTO,Jonah Tong,New York Mets,,
Chrome Prospect Autographs,CPA-JU,Jhonayker Ugarte,Kansas City Royals,,
Chrome Prospect Autographs,CPA-JV,Jancel Villarroel,Houston Astros,,
Chrome Prospect Autographs,CPA-JVA,Javier Vaz,Kansas City Royals,,
Chrome Prospect Autographs,CPA-JW,JJ Wetherholt,St. Louis Cardinals,,
Chrome Prospect Autographs,CPA-KC,Kevyn Castillo,Los Angeles Angels,,
Chrome Prospect Autographs,CPA-KD,Kyle DeBarge,Minnesota Twins,,
Chrome Prospect Autographs,CPA-KDW,Khadim Diaw,Minnesota Twins,,
Chrome Prospect Autographs,CPA-KG,Konnor Griffin,Pittsburgh Pirates,,
Chrome Prospect Autographs,CPA-KM,Kevin McGonigle,Detroit Tigers,,
Chrome Prospect Autographs,CPA-LD,Leo De Vries,San Diego Padres,,
Chrome Prospect Autographs,CPA-LM,Luis Merejo,Cleveland Guardians,,
Chrome Prospect Autographs,CPA-LP,Luis Pena,Milwaukee Brewers,,
Chrome Prospect Autographs,CPA-LR,Lucas Ramirez,Los Angeles Angels,,
Chrome Prospect Autographs,CPA-MJ,Mitch Jebb,Pittsburgh Pirates,,
Chrome Prospect Autographs,CPA-MMO,Malcolm Moore,Texas Rangers,,
Chrome Prospect Autographs,CPA-MV,Mike Vasil,Tampa Bay Rays,,
Chrome Prospect Autographs,CPA-MW,Matt Wilkinson,Cleveland Guardians,,
Chrome Prospect Autographs,CPA-NK,Nick Kurtz,Athletics,,
Chrome Prospect Autographs,CPA-NM,Naibel Mariano,Cincinnati Reds,,
Chrome Prospect Autographs,CPA-NN,Nate Nankil,Athletics,,
Chrome Prospect Autographs,CPA-PE,Payton Eeles,Minnesota Twins,,
Chrome Prospect Autographs,CPA-PM,PJ Morlando,Miami Marlins,,
Chrome Prospect Autographs,CPA-QM,Quinn Mathews,St. Louis Cardinals,,
Chrome Prospect Autographs,CPA-RF,Rafael Flores,New York Yankees,,
Chrome Prospect Autographs,CPA-RM,Richard Matic,New York Yankees,,
Chrome Prospect Autographs,CPA-RY,Ricardo Yan,Arizona Diamondbacks,,
Chrome Prospect Autographs,CPA-SC,Slade Caldwell,Arizona Diamondbacks,,
Chrome Prospect Autographs,CPA-SE,Steven Echavarria,Athletics,,
Chrome Prospect Autographs,CPA-SK,Sean Keys,Toronto Blue Jays,,
Chrome Prospect Autographs,CPA-SS,Sammy Stafura,Cincinnati Reds,,
Chrome Prospect Autographs,CPA-SW,Sebastian Walcott,Texas Rangers,,
Chrome Prospect Autographs,CPA-TB,Travis Bazzana,Cleveland Guardians,,
Chrome Prospect Autographs,CPA-TC,Tsung-Che Cheng,Pittsburgh Pirates,,
Chrome Prospect Autographs,CPA-TW,Thomas White,Miami Marlins,,
Chrome Prospect Autographs,CPA-VR,Victor Rodrigues,Los Angeles Dodgers,,
Chrome Prospect Autographs,CPA-WJ,Walker Jenkins,Minnesota Twins,,
Chrome Prospect Autographs,CPA-WJA,Walker Janek,Houston Astros,,
Chrome Prospect Autographs,CPA-WP,Wen-Hui Pan,Philadelphia Phillies,,
Chrome Prospect Autographs,CPA-WS,Winston Santos,Texas Rangers,,
Chrome Prospect Autographs,CPA-WSI,Will Simpson,Athletics,,
Chrome Prospect Autographs,CPA-YC,Yeremi Cabrera,Texas Rangers,,
Chrome Prospect Autographs,CPA-YR,Yophery Rodriguez,Milwaukee Brewers,,
Chrome Prospect Autographs,CPA-ZH,Zyhir Hope,Los Angeles Dodgers,,
Chrome Rookie Autographs,CRA-CM,Coby Mayo,Baltimore Orioles,,
Chrome Rookie Autographs,CRA-DC,Dylan Crews,Washington Nationals,,
Chrome Rookie Autographs,CRA-JO,Jackson Jobe,Detroit Tigers,,
Chrome Rookie Autographs,CRA-JW,James Wood,Washington Nationals,,
Chrome Rookie Autographs,CRA-KA,Kevin Alcántara,Chicago Cubs,,
Chrome Rookie Autographs,CRA-KR,Kumar Rocker,Texas Rangers,,
Chrome Rookie Autographs,CRA-LA,Luisangel Acuña,New York Mets,,
Chrome Rookie Autographs,CRA-RL,Rhett Lowder,Cincinnati Reds,,
Chrome Rookie Autographs,CRA-RS,Roki Sasaki,Los Angeles Dodgers,,
Chrome Rookie Autographs,CRA-SS,Spencer Schwellenbach,Atlanta Braves,,
Chrome Rookie Autographs,CRA-SW,Shay Whitcomb,Houston Astros,,
Crystalized,BWC-1,Jesus Made,Milwaukee Brewers,,
Crystalized,BWC-2,Jac Caglianone,Kansas City Royals,,
Crystalized,BWC-3,Jacob Wilson,Athletics,,
Crystalized,BWC-4,Travis Bazzana,Cleveland Guardians,,
Crystalized,BWC-5,Hagen Smith,Chicago White Sox,,
Crystalized,BWC-6,Coby Mayo,Baltimore Orioles,,
Crystalized,BWC-7,Charlie Condon,Colorado Rockies,,
Crystalized,BWC-8,Walker Jenkins,Minnesota Twins,,
Crystalized,BWC-9,Roki Sasaki,Los Angeles Dodgers,,
Crystalized,BWC-10,Marcelo Mayer,Boston Red Sox,,
Crystalized,BWC-11,Luisangel Acuña,New York Mets,,
Crystalized,BWC-12,Dylan Crews,Washington Nationals,,
Crystalized,BWC-13,JJ Wetherholt,St. Louis Cardinals,,
Crystalized,BWC-14,Carson Williams,Tampa Bay Rays,,
Crystalized,BWC-15,James Wood,Washington Nationals,,
Etched in Glass Variations,6,Rhett Lowder,Cincinnati Reds,,
Etched in Glass Variations,9,Jacob Wilson,Athletics,,
Etched in Glass Variations,12,Roki Sasaki,Los Angeles Dodgers,,
Etched in Glass Variations,29,James Wood,Washington Nationals,,
Etched in Glass Variations,37,Coby Mayo,Baltimore Orioles,,
Etched in Glass Variations,42,Dylan Crews,Washington Nationals,,
Etched in Glass Variations,50,Jackson Jobe,Detroit Tigers,,
Etched in Glass Variations,59,Jace Jung,Detroit Tigers,,
Etched in Glass Variations,72,Brooks Lee,Minnesota Twins,,
Etched in Glass Variations,80,Kumar Rocker,Texas Rangers,,
Etched in Glass Variations,83,Luisangel Acuña,New York Mets,,
Etched in Glass Variations,91,Hyeseong Kim,Los Angeles Dodgers,,
Etched in Glass Variations,BCP-21,Slade Caldwell,Arizona Diamondbacks,,
Etched in Glass Variations,BCP-22,JJ Wetherholt,St. Louis Cardinals,,
Etched in Glass Variations,BCP-50,Jesus Made,Milwaukee Brewers,,
Etched in Glass Variations,BCP-67,Franklin Arias,Boston Red Sox,,
Etched in Glass Variations,BCP-69,Thomas White,Miami Marlins,,
Etched in Glass Variations,BCP-75,Charlie Condon,Colorado Rockies,,
Etched in Glass Variations,BCP-79,Kevin McGonigle,Detroit Tigers,,
Etched in Glass Variations,BCP-91,PJ Morlando,Miami Marlins,,
Greatness Loading,GL-1,Lazaro Montes,Seattle Mariners,,
Greatness Loading,GL-2,Coby Mayo,Baltimore Orioles,,
Greatness Loading,GL-3,Kevin Alcántara,Chicago Cubs,,
Greatness Loading,GL-4,Cam Smith,Houston Astros,,
Greatness Loading,GL-5,Bryce Rainer,Detroit Tigers,,
Greatness Loading,GL-6,Hagen Smith,Chicago White Sox,,
Greatness Loading,GL-7,Charlie Condon,Colorado Rockies,,
Greatness Loading,GL-8,Travis Bazzana,Cleveland Guardians,,
Greatness Loading,GL-9,Kevin McGonigle,Detroit Tigers,,
Greatness Loading,GL-10,Spencer Schwellenbach,Atlanta Braves,,
Greatness Loading,GL-11,Luisangel Acuña,New York Mets,,
Greatness Loading,GL-12,Leo De Vries,San Diego Padres,,
Greatness Loading,GL-13,Konnor Griffin,Pittsburgh Pirates,,
Greatness Loading,GL-14,Brooks Lee,Minnesota Twins,,
Greatness Loading,GL-15,Kyle Teel,Chicago White Sox,,
Greatness Loading,GL-16,Jacob Wilson,Athletics,,
Greatness Loading,GL-17,JJ Wetherholt,St. Louis Cardinals,,
Greatness Loading,GL-18,Dylan Crews,Washington Nationals,,
Greatness Loading,GL-19,Christian Moore,Los Angeles Angels,,
Greatness Loading,GL-20,James Wood,Washington Nationals,,
Greatness Loading,GL-21,Jac Caglianone,Kansas City Royals,,
Greatness Loading,GL-22,Thomas Saggese,St. Louis Cardinals,,
Greatness Loading,GL-23,Roki Sasaki,Los Angeles Dodgers,,
Greatness Loading,GL-24,Walker Jenkins,Minnesota Twins,,
Greatness Loading,GL-25,Bryce Eldridge,San Francisco Giants,,
Hobby Stars,HS-1,JJ Wetherholt,St. Louis Cardinals,,
Hobby Stars,HS-2,Jackson Holliday,Baltimore Orioles,,
Hobby Stars,HS-3,Jackson Chourio,Milwaukee Brewers,,
Hobby Stars,HS-4,Shohei Ohtani,Los Angeles Dodgers,,
Hobby Stars,HS-5,James Wood,Washington Nationals,,
Hobby Stars,HS-6,Mike Trout,Los Angeles Angels,,
Hobby Stars,HS-7,Travis Bazzana,Cleveland Guardians,,
Hobby Stars,HS-8,Bobby Witt Jr.,Kansas City Royals,,
Hobby Stars,HS-9,Roki Sasaki,Los Angeles Dodgers,,
Hobby Stars,HS-10,Ronald Acuña Jr.,Atlanta Braves,,
Hobby Stars,HS-11,Aaron Judge,New York Yankees,,
Hobby Stars,HS-12,Dylan Crews,Washington Nationals,,
Hobby Stars,HS-13,Paul Skenes,Pittsburgh Pirates,,
Hobby Stars,HS-14,Charlie Condon,Colorado Rockies,,
Hobby Stars,HS-15,Elly De La Cruz,Cincinnati Reds,,
Hobby Stars Autographs,HSA-BW,Bobby Witt Jr.,Kansas City Royals,,
Hobby Stars Autographs,HSA-CC,Charlie Condon,Colorado Rockies,,
Hobby Stars Autographs,HSA-DC,Dylan Crews,Washington Nationals,,
Hobby Stars Autographs,HSA-ED,Elly De La Cruz,Cincinnati Reds,,
Hobby Stars Autographs,HSA-JC,Jackson Chourio,Milwaukee Brewers,,
Hobby Stars Autographs,HSA-JH,Jackson Holliday,Baltimore Orioles,,
Hobby Stars Autographs,HSA-JJW,JJ Wetherholt,St. Louis Cardinals,,
Hobby Stars Autographs,HSA-JW,James Wood,Washington Nationals,,
Hobby Stars Autographs,HSA-MT,Mike Trout,Los Angeles Angels,,
Hobby Stars Autographs,HSA-PS,Paul Skenes,Pittsburgh Pirates,,
Hobby Stars Autographs,HSA-RA,Ronald Acuña Jr.,Atlanta Braves,,
Hobby Stars Autographs,HSA-TB,Travis Bazzana,Cleveland Guardians,,
Retrofractor Autographs,CPR-SC,Steve Carlton,St. Louis Cardinals,,
Retrofractors,BCP-151,Brooks Robinson,Baltimore Orioles,,
Retrofractors,BCP-152,Steve Carlton,St. Louis Cardinals,,
Rockstar Rookies,RR-1,Adael Amador,Colorado Rockies,,
Rockstar Rookies,RR-2,Trey Sweeney,Detroit Tigers,,
Rockstar Rookies,RR-3,Hyeseong Kim,Los Angeles Dodgers,,
Rockstar Rookies,RR-4,Rhett Lowder,Cincinnati Reds,,
Rockstar Rookies,RR-5,Jace Jung,Detroit Tigers,,
Rockstar Rookies,RR-6,Kumar Rocker,Texas Rangers,,
Rockstar Rookies,RR-7,Coby Mayo,Baltimore Orioles,,
Rockstar Rookies,RR-8,Rece Hinds,Cincinnati Reds,,
Rockstar Rookies,RR-9,Brooks Lee,Minnesota Twins,,
Rockstar Rookies,RR-10,Jackson Jobe,Detroit Tigers,,
Rockstar Rookies,RR-11,James Wood,Washington Nationals,,
Rockstar Rookies,RR-12,Jhonkensy Noel,Cleveland Guardians,,
Rockstar Rookies,RR-13,Connor Norby,Miami Marlins,,
Rockstar Rookies,RR-14,Drew Thorpe,Chicago White Sox,,
Rockstar Rookies,RR-15,Dylan Crews,Washington Nationals,,
Rockstar Rookies,RR-16,Jacob Wilson,Athletics,,
Rockstar Rookies,RR-17,Thomas Saggese,St. Louis Cardinals,,
Rockstar Rookies,RR-18,Luisangel Acuña,New York Mets,,
Rockstar Rookies,RR-19,Spencer Schwellenbach,Atlanta Braves,,
Rockstar Rookies,RR-20,Roki Sasaki,Los Angeles Dodgers,,
Rockstar Rookies Autographs,RRA-AA,Adael Amador,Colorado Rockies,,
Rockstar Rookies Autographs,RRA-BL,Brooks Lee,Minnesota Twins,,
Rockstar Rookies Autographs,RRA-CM,Coby Mayo,Baltimore Orioles,,
Rockstar Rookies Autographs,RRA-CN,Connor Norby,Miami Marlins,,
Rockstar Rookies Autographs,RRA-DC,Dylan Crews,Washington Nationals,,
Rockstar Rookies Autographs,RRA-JJ,Jackson Jobe,Detroit Tigers,,
Rockstar Rookies Autographs,RRA-JW,James Wood,Washington Nationals,,
Rockstar Rookies Autographs,RRA-JWI,Jacob Wilson,Athletics,,
Rockstar Rookies Autographs,RRA-KR,Kumar Rocker,Texas Rangers,,
Rockstar Rookies Autographs,RRA-LA,Luisangel Acuña,New York Mets,,
Rockstar Rookies Autographs,RRA-RL,Rhett Lowder,Cincinnati Reds,,
Rockstar Rookies Autographs,RRA-SS,Spencer Schwellenbach,Atlanta Braves,,
Rockstar Rookies Autographs,RRA-TS,Thomas Saggese,St. Louis Cardinals,,
Rookie of the Year Favorites,ROY-1,Dylan Crews,Washington Nationals,,
Rookie of the Year Favorites,ROY-2,Coby Mayo,Baltimore Orioles,,
Rookie of the Year Favorites,ROY-3,Jackson Jobe,Detroit Tigers,,
Rookie of the Year Favorites,ROY-4,Luisangel Acuña,New York Mets,,
Rookie of the Year Favorites,ROY-5,Kumar Rocker,Texas Rangers,,
Rookie of the Year Favorites,ROY-6,Thomas Saggese,St. Louis Cardinals,,
Rookie of the Year Favorites,ROY-7,Caden Dana,Los Angeles Angels,,
Rookie of the Year Favorites,ROY-8,Jace Jung,Detroit Tigers,,
Rookie of the Year Favorites,ROY-9,Drew Romo,Colorado Rockies,,
Rookie of the Year Favorites,ROY-10,Roki Sasaki,Los Angeles Dodgers,,
Rookie of the Year Favorites,ROY-11,Rhett Lowder,Cincinnati Reds,,
Rookie of the Year Favorites,ROY-12,Trey Sweeney,Detroit Tigers,,
Rookie of the Year Favorites,ROY-13,Adael Amador,Colorado Rockies,,
Rookie of the Year Favorites,ROY-14,Nick Yorke,Pittsburgh Pirates,,
Rookie of the Year Favorites,ROY-15,Kevin Alcántara,Chicago Cubs,,
Rookie of the Year Favorites Autographs,ROY-AA,Adael Amador,Colorado Rockies,,
Rookie of the Year Favorites Autographs,ROY-CD,Caden Dana,Los Angeles Angels,,
Rookie of the Year Favorites Autographs,ROY-CM,Coby Mayo,Baltimore Orioles,,
Rookie of the Year Favorites Autographs,ROY-DC,Dylan Crews,Washington Nationals,,
Rookie of the Year Favorites Autographs,ROY-DR,Drew Romo,Colorado Rockies,,
Rookie of the Year Favorites Autographs,ROY-JJ,Jackson Jobe,Detroit Tigers,,
Rookie of the Year Favorites Autographs,ROY-JJU,Jace Jung,Detroit Tigers,,
Rookie of the Year Favorites Autographs,ROY-KA,Kevin Alcántara,Chicago Cubs,,
Rookie of the Year Favorites Autographs,ROY-KR,Kumar Rocker,Texas Rangers,,
Rookie of the Year Favorites Autographs,ROY-LA,Luisangel Acuña,New York Mets,,
Rookie of the Year Favorites Autographs,ROY-RL,Rhett Lowder,Cincinnati Reds,,
Rookie of the Year Favorites Autographs,ROY-RS,Roki Sasaki,Los Angeles Dodgers,,
Rookie of the Year Favorites Autographs,ROY-TS,Thomas Saggese,St. Louis Cardinals,,
Very Important Prospects,VIP-1,Carson Williams,Tampa Bay Rays,,
Very Important Prospects,VIP-2,Nick Kurtz,Athletics,,
Very Important Prospects,VIP-3,Sebastian Walcott,Texas Rangers,,
Very Important Prospects,VIP-4,Samuel Basallo,Baltimore Orioles,,
Very Important Prospects,VIP-5,Bryce Eldridge,San Francisco Giants,,
Very Important Prospects,VIP-6,Matt Shaw,Chicago Cubs,,
Very Important Prospects,VIP-7,Chase Burns,Cincinnati Reds,,
Very Important Prospects,VIP-8,Travis Bazzana,Cleveland Guardians,,
Very Important Prospects,VIP-9,Charlie Condon,Colorado Rockies,,
Very Important Prospects,VIP-10,Max Clark,Detroit Tigers,,
Very Important Prospects,VIP-11,Jac Caglianone,Kansas City Royals,,
Very Important Prospects,VIP-12,Christian Moore,Los Angeles Angels,,
Very Important Prospects,VIP-13,Colt Emerson,Seattle Mariners,,
Very Important Prospects,VIP-14,Leo De Vries,San Diego Padres,,
Very Important Prospects,VIP-15,Cooper Pratt,Milwaukee Brewers,,
Very Important Prospects,VIP-16,Walker Jenkins,Minnesota Twins,,
Very Important Prospects,VIP-17,Carson Benge,New York Mets,,
Very Important Prospects,VIP-18,JJ Wetherholt,St. Louis Cardinals,,
Very Important Prospects,VIP-19,Aidan Miller,Philadelphia Phillies,,
Very Important Prospects,VIP-20,Konnor Griffin,Pittsburgh Pirates,,
Very Important Prospects Autographs,VIP-CB,Chase Burns,Cincinnati Reds,,
Very Important Prospects Autographs,VIP-CC,Cam Caminiti,Atlanta Braves,,
Very Important Prospects Autographs,VIP-CCO,Charlie Condon,Colorado Rockies,,
Very Important Prospects Autographs,VIP-CE,Colt Emerson,Seattle Mariners,,
Very Important Prospects Autographs,VIP-CM,Christian Moore,Los Angeles Angels,,
Very Important Prospects Autographs,VIP-CP,Cooper Pratt,Milwaukee Brewers,,
Very Important Prospects Autographs,VIP-JC,Jac Caglianone,Kansas City Royals,,
Very Important Prospects Autographs,VIP-JW,JJ Wetherholt,St. Louis Cardinals,,
Very Important Prospects Autographs,VIP-KG,Konnor Griffin,Pittsburgh Pirates,,
Very Important Prospects Autographs,VIP-LD,Leo De Vries,San Diego Padres,,
Very Important Prospects Autographs,VIP-MS,Matt Shaw,Chicago Cubs,,
Very Important Prospects Autographs,VIP-NK,Nick Kurtz,Athletics,,
Very Important Prospects Autographs,VIP-SB,Samuel Basallo,Baltimore Orioles,,
Very Important Prospects Autographs,VIP-TB,Travis Bazzana,Cleveland Guardians,,
Very Important Prospects Autographs,VIP-TW,Thomas White,Miami Marlins,,
